{"label_names":["Lying down","Sitting","Walking","Running","Bicycling","Sleeping","Lab work","In class","In a meeting","At work","Indoors","Outside","In a car","On a bus","Drive - I'm the driver","Drive - I'm a passenger","At home","At a restaurant","Phone in pocket","Exercise","Cooking","Shopping","Strolling","Drinking (alcohol)","Bathing - shower","Cleaning","Doing laundry","Washing dishes","Watching TV","Surfing the internet","At a party","At a bar","At the beach","Singing","Talking","Computer work","Eating","Toilet","Grooming","Dressing","At the gym","Stairs - going up","Stairs - going down","Elevator","Standing","At school","Phone in hand","Phone in bag","Phone on table","With co-workers","With friends"],"label_probs":[0.965473531720786,0.10051336022484332,0.021572747503556144,0.09925685564601,0.025405560051596148,0.951084767782528,0.07409032386332096,0.023507076533762897,0.020271154367429146,0.07379011165740147,0.9883897433916661,0.015376693205415832,0.025832966225822044,0.021360701349637107,0.025173311137165005,0.02058813062417421,0.798252136373129,0.011669283376811461,0.01959439458941976,0.04656545832294347,0.08690029801755075,0.015694428687354607,0.040531713341899006,0.08076882361789971,0.4053248977369943,0.07684985805804552,0.1662494770734592,0.21022287542635065,0.1362807029073704,0.2906074592196362,0.03425363715816942,0.04778585726555443,0.08711728333134972,0.32065963734366687,0.04846241824453445,0.18143546514733844,0.07908978872699371,0.2677840743430364,0.29233505728690656,0.244644551321599,0.0735408601444156,0.04972938756958366,0.05109867615308215,0.017067792708685678,0.11061715318342094,0.05262185648745738,0.10300763132477071,0.09245332016006788,0.9643555668044412,0.03269757485013057,0.1542843034282787],"location_lat_long":[32.8754037,-117.2224273]}